step,timestamp,simulation_time,pos_x,pos_y,speed,heading,velocity_x,velocity_y,on_lane,out_of_road,dist_to_left_side,dist_to_right_side,crash_vehicle,crash_object,crash_sidewalk,nav_route_completion,nav_distance_to_dest,nav_current_lane,nav_route_length,nav_checkpoints_count,lane_longitudinal_pos,lane_lateral_pos,lane_length,custom_dest_x,custom_dest_y,distance_to_custom_dest,action_steering,action_throttle,action_source,action_success,reward,control_mode,expert_takeover,obs_shape,obs_mean,obs_std,obs_min,obs_max,obs_0_speed_related,obs_1_steering_related,obs_2,obs_3,obs_4
0,2025-08-12T22:39:22.438579,0.1,202.1979522705078,6.9999613761901855,26.659114923766346,-1.9307917902722238e-05,26.659114837646484,-0.0021428389009088278,True,,1.7500386238098145,8.749961376190186,False,False,False,0.38329779291399874,,"('2S0_0_', '3S0_0_', 0)",0,11,5.7365570068359375,3.8623809814453125e-05,75.58282470703125,637.2861328125,-0.2431640625,435.14846628876194,0.0014368504052981734,-1.8957765102386475,expert,True,2.317918287664761,unknown,True,[259],0.9519808888435364,0.18643110990524292,0.0,1.0,0.09722436964511871,0.4861089587211609,0.5000096559524536,1.0,0.4999978840351105
1,2025-08-12T22:39:22.442791,0.2,204.83688354492188,7.001131057739258,25.399183934079662,0.0006087986251923638,25.399145126342773,0.04440009221434593,True,,1.7488689422607422,8.751131057739258,False,False,False,0.38830029922910436,,"('2S0_0_', '3S0_0_', 0)",0,11,8.37548828125,-0.0011310577392578125,75.58282470703125,637.2861328125,-0.2431640625,432.5099224340189,0.022657115012407303,-4.285405158996582,expert,True,2.753227602117421,unknown,True,[259],0.952017068862915,0.18627403676509857,0.0,1.0,0.09715938568115234,0.48617395758628845,0.4996955990791321,1.0,0.5000352263450623
2,2025-08-12T22:39:22.444678,0.30000000000000004,207.35557556152344,7.00828742980957,24.330722962032684,0.0034593130979585496,24.33026695251465,0.14896266162395477,True,,1.7417125701904297,8.75828742980957,False,False,False,0.39307487325496754,,"('2S0_0_', '3S0_0_', 0)",0,11,10.894180297851562,-0.008287429809570312,75.58282470703125,637.2861328125,-0.2431640625,429.99170643964817,0.008318522945046425,-3.91837215423584,expert,True,2.6281802699307097,unknown,True,[259],0.9521182179450989,0.1857975721359253,0.0,1.0,0.0967618077993393,0.4865715205669403,0.49827033281326294,1.0,0.5000837445259094
3,2025-08-12T22:39:22.446367,0.4,209.76681518554688,7.028139114379883,23.242182185726545,0.010016015701733494,23.239574432373047,0.34815651178359985,True,,1.7218608856201172,8.778139114379883,False,False,False,0.39764575449138334,,"('2S0_0_', '3S0_0_', 0)",0,11,13.305419921875,-0.028139114379882812,75.58282470703125,637.2861328125,-0.2431640625,427.58114878243373,0.018739094957709312,-3.8357458114624023,expert,True,2.515829443859207,unknown,True,[259],0.952275276184082,0.18507440388202667,0.0,1.0,0.09565893560647964,0.48767438530921936,0.49499207735061646,1.0,0.50016188621521
4,2025-08-12T22:39:22.448312,0.5,212.06854248046875,7.0648932456970215,22.12999172347129,0.019746274218501725,22.124666213989258,0.48546740412712097,True,,1.6851067543029785,8.814893245697021,False,False,False,0.40200903800700055,,"('2S0_0_', '3S0_0_', 0)",0,11,15.607147216796875,-0.06489324569702148,75.58282470703125,637.2861328125,-0.2431640625,425.2803861329594,0.006466450169682503,-3.6939899921417236,expert,True,2.4013122576774957,unknown,True,[259],0.9523549675941467,0.18458570539951324,0.0,1.0,0.0936170443892479,0.4897162914276123,0.4901275038719177,0.9959008693695068,0.5001130104064941
5,2025-08-12T22:39:22.450870,0.6,214.2587890625,7.111807346343994,21.009316504708625,0.027659058449344798,21.003551483154297,0.4921433627605438,True,,1.6381926536560059,8.861807346343994,False,False,False,0.40616099242297243,,"('2S0_0_', '3S0_0_', 0)",0,11,17.797393798828125,-0.11180734634399414,75.58282470703125,637.2861328125,-0.2431640625,423.09127758038875,-0.0053436607122421265,-3.7332675457000732,expert,True,2.284788506302439,unknown,True,[259],0.9520309567451477,0.18507681787014008,0.0,1.0,0.09101070463657379,0.4923226237297058,0.48617222905158997,0.9460930824279785,0.49996331334114075
6,2025-08-12T22:39:22.452622,0.7,216.3365936279297,7.153434753417969,19.873682895830278,0.026742931034357653,19.87206268310547,0.2537647783756256,True,,1.5965652465820312,8.903434753417969,False,False,False,0.41009979543800174,,"('2S0_0_', '3S0_0_', 0)",0,11,19.875198364257812,-0.15343475341796875,75.58282470703125,637.2861328125,-0.2431640625,421.0145178182645,-0.03370962291955948,-3.616187572479248,expert,True,2.1672361384609236,unknown,True,[259],0.9514641165733337,0.18670596182346344,0.0,1.0,0.08869806677103043,0.4946352541446686,0.4866301417350769,0.8956204652786255,0.49969029426574707
7,2025-08-12T22:39:22.454281,0.7999999999999999,218.30104064941406,7.173336505889893,18.742967608473744,0.01367253587841244,18.74296760559082,-0.0003287387080490589,True,,1.5766634941101074,8.923336505889893,False,False,False,0.4138237115270435,,"('2S0_0_', '3S0_0_', 0)",0,11,21.839645385742188,-0.17333650588989258,75.58282470703125,637.2861328125,-0.2431640625,419.0507271627035,-0.030811414122581482,-2.972181558609009,expert,True,2.0487903757225068,unknown,True,[259],0.9516837000846863,0.1847110241651535,0.0,1.0,0.08759241551160812,0.4957409203052521,0.49316394329071045,0.8453664779663086,0.4996306896209717
8,2025-08-12T22:39:22.456244,0.8999999999999999,220.15328979492188,7.169322967529297,17.64460623249364,-0.005863348613972974,17.643007278442383,-0.23753583431243896,True,,1.5806770324707031,8.919322967529297,False,False,False,0.41733493902182134,,"('2S0_0_', '3S0_0_', 0)",0,11,23.69189453125,-0.16932296752929688,75.58282470703125,637.2861328125,-0.2431640625,417.19869808988835,-0.029152480885386467,-3.0911638736724854,expert,True,1.931649873554034,unknown,True,[259],0.9517267346382141,0.18381567299365997,0.0,1.0,0.08781538903713226,0.49551793932914734,0.5029316544532776,0.7965503931045532,0.4996892809867859
9,2025-08-12T22:39:22.458078,0.9999999999999999,221.8959197998047,7.141469478607178,16.566612163515845,-0.0274725040149848,16.55972671508789,-0.47758737206459045,True,,1.6085305213928223,8.891469478607178,False,False,False,0.42063836631787865,,"('2S0_0_', '3S0_0_', 0)",0,11,25.434524536132812,-0.14146947860717773,75.58282470703125,637.2861328125,-0.2431640625,415.4558482910896,-0.030003005638718605,-3.0392725467681885,expert,True,1.8171797596186339,unknown,True,[259],0.9516234993934631,0.1836494654417038,0.0,1.0,0.08936280757188797,0.49397051334381104,0.5137345194816589,0.7486395239830017,0.49975335597991943
10,2025-08-12T22:39:22.461014,1.0999999999999999,223.53042602539062,7.090322494506836,15.498130202606317,-0.0489213371183741,15.482975006103516,-0.6852187514305115,True,,1.659677505493164,8.840322494506836,False,False,False,0.42373682810612234,,"('2S0_0_', '3S0_0_', 0)",0,11,27.06903076171875,-0.09032249450683594,75.58282470703125,637.2861328125,-0.2431640625,413.8206917542696,-0.017709942534565926,-2.1521406173706055,expert,True,1.704247811497666,unknown,True,[259],0.9514634609222412,0.18380101025104523,0.0,1.0,0.09220430254936218,0.4911290407180786,0.5244508981704712,0.7011514902114868,0.4998409152030945
11,2025-08-12T22:39:22.462811,1.2,225.0574493408203,7.021156311035156,14.433395790545475,-0.06710899630890665,14.41196060180664,-0.786324143409729,True,,1.7288436889648438,8.771156311035156,False,False,False,0.42663153925408376,,"('2S0_0_', '3S0_0_', 0)",0,11,28.596054077148438,-0.02115631103515625,75.58282470703125,637.2861328125,-0.2431640625,412.2926846638,0.016369735822081566,-2.9667325019836426,expert,True,1.5919735964871422,unknown,True,[259],0.9512274265289307,0.1843789666891098,0.0,1.0,0.09604687243700027,0.48728644847869873,0.5335293412208557,0.6538299322128296,0.5000159740447998
12,2025-08-12T22:39:22.464658,1.3,226.4772186279297,6.943659782409668,13.357155695104831,-0.07831078448599804,13.333587646484375,-0.7931259274482727,True,,1.806340217590332,8.693659782409668,False,False,False,0.42932293364302426,,"('2S0_0_', '3S0_0_', 0)",0,11,30.015823364257812,0.05634021759033203,75.58282470703125,637.2861328125,-0.2431640625,410.87177368430093,0.03628993406891823,-2.645098924636841,expert,True,1.4798764877373467,unknown,True,[259],0.9508664608001709,0.18561652302742004,0.0,1.0,0.10035223513841629,0.4829810857772827,0.5391153693199158,0.6059970259666443,0.5001981854438782
13,2025-08-12T22:39:22.466308,1.4000000000000001,227.78900146484375,6.869708061218262,12.260598290837272,-0.0793040104145426,12.2444486618042,-0.629084587097168,True,,1.8802919387817383,8.619708061218262,False,False,False,0.43180962285290786,,"('2S0_0_', '3S0_0_', 0)",0,11,31.327606201171875,0.13029193878173828,75.58282470703125,637.2861328125,-0.2431640625,409.5589011751643,0.035629600286483765,-3.784198760986328,expert,True,1.3669555292228301,unknown,True,[259],0.9504203200340271,0.18752260506153107,0.0,1.0,0.10446066409349442,0.4788726568222046,0.5396104454994202,0.5572611689567566,0.5005075335502625
14,2025-08-12T22:39:22.468438,1.5000000000000002,228.99114990234375,6.811877727508545,11.136777386839444,-0.06858771650417328,11.128767013549805,-0.4223213493824005,True,,1.938122272491455,8.561877727508545,False,False,False,0.4340884829386535,,"('2S0_0_', '3S0_0_', 0)",0,11,32.529754638671875,0.18812227249145508,75.58282470703125,637.2861328125,-0.2431640625,408.35593136902463,0.06865797191858292,-2.5215647220611572,expert,True,1.2522639357407774,unknown,True,[259],0.9507079720497131,0.1858948916196823,0.0,1.0,0.10767345875501633,0.47565987706184387,0.5342669486999512,0.5073135495185852,0.5006668567657471
15,2025-08-12T22:39:22.470111,1.6000000000000003,230.08175659179688,6.7714762687683105,10.021190416167451,-0.05111777922741734,10.0169038772583,-0.29307690262794495,True,,1.9785237312316895,8.52147626876831,False,False,False,0.43615589822308415,,"('2S0_0_', '3S0_0_', 0)",0,11,33.620361328125,0.22852373123168945,75.58282470703125,637.2861328125,-0.2431640625,407.26479002274306,0.06369283050298691,-2.1867828369140625,expert,True,1.1357020463258785,unknown,True,[259],0.9508129954338074,0.18513363599777222,0.0,1.0,0.10991798341274261,0.473415344953537,0.5255477428436279,0.4577319324016571,0.5005453824996948
16,2025-08-12T22:39:22.471841,1.7000000000000004,231.06130981445312,6.746402740478516,8.910442965853097,-0.03160253423348003,8.9098482131958,-0.10294982045888901,True,,2.0035972595214844,8.496402740478516,False,False,False,0.4380127943195571,,"('2S0_0_', '3S0_0_', 0)",0,11,34.59991455078125,0.2535972595214844,75.58282470703125,637.2861328125,-0.2431640625,406.2849503290613,0.06908532232046127,-1.748080849647522,expert,True,1.0196502160025889,unknown,True,[259],0.9507742524147034,0.18515712022781372,0.0,1.0,0.11131095886230469,0.4720223844051361,0.5157986283302307,0.4083653688430786,0.5006198883056641
17,2025-08-12T22:39:22.473714,1.8000000000000005,231.93020629882812,6.737236976623535,7.803574172598292,-0.012044012871828436,7.803569793701172,-0.008266926743090153,True,,2.012763023376465,8.487236976623535,False,False,False,0.4396599232889252,,"('2S0_0_', '3S0_0_', 0)",0,11,35.46881103515625,0.26276302337646484,75.58282470703125,637.2861328125,-0.2431640625,405.4160247923414,0.06108006834983826,-2.077160358428955,expert,True,0.9040125681516923,unknown,True,[259],0.9505867958068848,0.1857183575630188,0.0,1.0,0.11182016879320145,0.47151315212249756,0.5060218572616577,0.35917121171951294,0.500440239906311
18,2025-08-12T22:39:22.475784,1.9000000000000006,232.6885528564453,6.734967231750488,6.699657968572185,0.0029249498252337247,6.699651718139648,-0.009151583537459373,True,,2.0150327682495117,8.484967231750488,False,False,False,0.4410974876091105,,"('2S0_0_', '3S0_0_', 0)",0,11,36.22715759277344,0.2650327682495117,75.58282470703125,637.2861328125,-0.2431640625,404.6577517145271,0.02121601440012455,-2.1723616123199463,expert,True,0.7884950184757623,unknown,True,[259],0.9501686692237854,0.1871998906135559,0.0,1.0,0.11194626241922379,0.4713870584964752,0.498537540435791,0.3101082444190979,0.5000939965248108
19,2025-08-12T22:39:22.477515,2.0000000000000004,233.33621215820312,6.735123634338379,5.586758109456171,0.012391954868247623,5.586623191833496,0.0388263575732708,True,,2.014876365661621,8.485123634338379,False,False,False,0.442325226951356,,"('2S0_0_', '3S0_0_', 0)",0,11,36.87481689453125,0.2648763656616211,75.58282470703125,637.2861328125,-0.2431640625,404.01019157416385,-0.014796270057559013,-1.4779075384140015,expert,True,0.6727997132503652,unknown,True,[259],0.9497872591018677,0.18875829875469208,0.0,1.0,0.11193757504224777,0.4713957607746124,0.4938041865825653,0.2606460452079773,0.5001110434532166
20,2025-08-12T22:39:22.480427,2.1000000000000005,233.8726043701172,6.738427639007568,4.4726480272668265,0.018212426588670283,4.47252082824707,0.03373153880238533,True,,2.0115723609924316,8.488427639007568,False,False,False,0.44334204214980005,,"('2S0_0_', '3S0_0_', 0)",0,11,37.41120910644531,0.26157236099243164,75.58282470703125,637.2861328125,-0.2431640625,403.47393664649485,-0.01882144808769226,-1.4225133657455444,expert,True,0.5565191280367632,unknown,True,[259],0.9494202733039856,0.1902109533548355,0.0,1.0,0.11175402253866196,0.47157931327819824,0.49089428782463074,0.2111300379037857,0.49992626905441284
21,2025-08-12T22:39:22.482103,2.2000000000000006,234.29766845703125,6.741586685180664,3.36129565392456,0.020755079639423357,3.3611717224121094,0.02886391431093216,True,,2.008413314819336,8.491586685180664,False,False,False,0.444147817502773,,"('2S0_0_', '3S0_0_', 0)",0,11,37.836273193359375,0.25841331481933594,75.58282470703125,637.2861328125,-0.2431640625,403.04899100058066,-0.034826647490262985,-1.2114284038543701,expert,True,0.440189917356723,unknown,True,[259],0.9491058588027954,0.19152982532978058,0.0,1.0,0.11157851666212082,0.4717548191547394,0.48962321877479553,0.1617365926504135,0.4998643398284912
22,2025-08-12T22:39:22.484925,2.3000000000000007,234.62030029296875,6.743716239929199,2.5763393914343853,0.02068144323528287,2.5763275623321533,0.007807139307260513,True,,2.006283760070801,8.4937162399292,False,False,False,0.44475941652862855,,"('2S0_0_', '3S0_0_', 0)",0,11,38.158905029296875,0.2562837600708008,75.58282470703125,637.2861328125,-0.2431640625,402.7264445936071,-0.04116411507129669,-0.9680632948875427,expert,True,0.33422536319895474,unknown,True,[259],0.949718177318573,0.18878330290317535,0.0,1.0,0.11146020889282227,0.47187313437461853,0.48966002464294434,0.12684965133666992,0.49961286783218384
23,2025-08-12T22:39:22.486638,2.400000000000001,234.86029052734375,6.743920803070068,1.7001902447787047,0.018143051242273778,1.7001641988754272,-0.009410914033651352,True,,2.0060791969299316,8.493920803070068,False,False,False,0.4452143554937561,,"('2S0_0_', '3S0_0_', 0)",0,11,38.398895263671875,0.25607919692993164,75.58282470703125,637.2861328125,-0.2431640625,402.4864940514602,-0.06304797530174255,-0.6997098326683044,expert,True,0.24764109047650418,unknown,True,[259],0.9495980739593506,0.18918080627918243,0.0,1.0,0.11144884675741196,0.47188448905944824,0.49092897772789,0.08790969103574753,0.4994793236255646
24,2025-08-12T22:39:22.488403,2.500000000000001,235.0041046142578,6.7432661056518555,0.5293726955555643,0.01562876085712972,0.5293686389923096,0.002072402276098728,True,,2.0067338943481445,8.493266105651855,False,False,False,0.44548697755290706,,"('2S0_0_', '3S0_0_', 0)",0,11,38.54270935058594,0.25673389434814453,75.58282470703125,637.2861328125,-0.2431640625,402.34269027507605,-0.07182780653238297,-0.6338745355606079,expert,True,0.14619626404406255,unknown,True,[259],0.9485197067260742,0.19395571947097778,0.0,1.0,0.11148521304130554,0.47184813022613525,0.49218595027923584,0.035873353481292725,0.499557763338089
25,2025-08-12T22:39:22.490267,2.600000000000001,235.04830932617188,6.743289470672607,0.020681993728689903,0.014179468591908773,-0.020469361916184425,0.002958054654300213,True,,2.0067105293273926,8.493289470672607,False,False,False,0.4455707744871628,,"('2S0_0_', '3S0_0_', 0)",0,11,38.5869140625,0.2567105293273926,75.58282470703125,637.2861328125,-0.2431640625,402.2984926344985,-0.1082368716597557,-0.7279708385467529,expert,True,0.0442977808858416,unknown,True,[259],0.9495919942855835,0.18954987823963165,0.0,1.0,0.11148391664028168,0.4718494117259979,0.4929105043411255,0.013264878652989864,0.4992527961730957
26,2025-08-12T22:39:22.492064,2.700000000000001,235.04872131347656,6.743507385253906,0.010187064655633987,0.013753762291659477,-0.010153631679713726,0.0008246514480561018,True,,2.0064926147460938,8.493507385253906,False,False,False,0.4455715554734331,,"('2S0_0_', '3S0_0_', 0)",0,11,38.58732604980469,0.25649261474609375,75.58282470703125,637.2861328125,-0.2431640625,402.29808449376634,-0.11406181007623672,-0.19027121365070343,expert,True,0.000457829095637853,unknown,True,[259],0.9502111077308655,0.18791049718856812,0.0,1.0,0.11147180944681168,0.47186151146888733,0.493123322725296,0.012798437848687172,0.4989773631095886
27,2025-08-12T22:39:22.493839,2.800000000000001,235.04771423339844,6.743556976318359,0.008231575270003292,0.013501161462265543,-0.008210795000195503,-0.0005845313426107168,True,,2.0064430236816406,8.49355697631836,False,False,False,0.4455696463958836,,"('2S0_0_', '3S0_0_', 0)",0,11,38.58631896972656,0.2564430236816406,75.58282470703125,637.2861328125,-0.2431640625,402.2990922832051,-0.10070808976888657,-0.1471167355775833,expert,True,-0.0009700379894099851,unknown,True,[259],0.9501742124557495,0.18800665438175201,0.0,1.0,0.11146906018257141,0.4718642830848694,0.4932496249675751,0.012711526826024055,0.49910348653793335
28,2025-08-12T22:39:22.495610,2.9000000000000012,235.04689025878906,6.743506908416748,0.01367407384020434,0.013386112903174485,0.013667244464159012,-0.00043211589218117297,True,,2.006493091583252,8.493506908416748,False,False,False,0.4455680844233431,,"('2S0_0_', '3S0_0_', 0)",0,11,38.58549499511719,0.25649309158325195,75.58282470703125,637.2861328125,-0.2431640625,402.2999152640216,-0.10863777250051498,-0.2666444182395935,expert,True,-0.0007624412770940805,unknown,True,[259],0.9497804641723633,0.18906812369823456,0.0,1.0,0.11147183924913406,0.47186148166656494,0.4933071434497833,0.012953415513038635,0.49929141998291016
29,2025-08-12T22:39:22.497487,3.0000000000000013,235.04774475097656,6.743480205535889,0.06179243434264246,0.013368402881924979,-0.0617811419069767,0.001181290252134204,True,,2.0065197944641113,8.493480205535889,False,False,False,0.44556970424671843,,"('2S0_0_', '3S0_0_', 0)",0,11,38.58634948730469,0.25651979446411133,75.58282470703125,637.2861328125,-0.2431640625,402.29906043696,-0.09648015350103378,0.07460875809192657,expert,True,0.0011325581420418911,unknown,True,[259],0.948848307132721,0.19237162172794342,0.0,1.0,0.11147332191467285,0.47186002135276794,0.49331599473953247,0.01509200967848301,0.4992615580558777
30,2025-08-12T22:39:22.501062,3.1000000000000014,235.04464721679688,6.743550777435303,0.025409699965851514,0.013442039286065466,-0.025385230779647827,0.0011148590128868818,True,,2.0064492225646973,8.493550777435303,False,False,False,0.4455638323869829,,"('2S0_0_', '3S0_0_', 0)",0,11,38.583251953125,0.25644922256469727,75.58282470703125,637.2861328125,-0.2431640625,402.3021587295957,-0.09884443134069443,-0.10178737342357635,expert,True,-0.002983190529841168,unknown,True,[259],0.9490123391151428,0.19168119132518768,0.0,1.0,0.11146940290927887,0.47186392545700073,0.49327918887138367,0.013474998995661736,0.4991651773452759
31,2025-08-12T22:39:22.502793,3.2000000000000015,235.04283142089844,6.743648052215576,0.00608574299259008,0.013513412003280045,-0.006065857596695423,0.0004915682948194444,True,,2.006351947784424,8.493648052215576,False,False,False,0.4455603902623103,,"('2S0_0_', '3S0_0_', 0)",0,11,38.58143615722656,0.25635194778442383,75.58282470703125,637.2861328125,-0.2431640625,402.30397594100555,-0.09043331444263458,-0.2647302746772766,expert,True,-0.0017884100549708445,unknown,True,[259],0.9499849081039429,0.18849775195121765,0.0,1.0,0.1114639937877655,0.4718693494796753,0.4932434856891632,0.012616156600415707,0.4991229176521301
32,2025-08-12T22:39:22.504693,3.3000000000000016,235.04360961914062,6.743653297424316,0.04774947974404452,0.013491307766232197,0.04773251712322235,-0.0012726448476314545,True,,2.0063467025756836,8.493653297424316,False,False,False,0.44556186545859855,,"('2S0_0_', '3S0_0_', 0)",0,11,38.58221435546875,0.2563467025756836,75.58282470703125,637.2861328125,-0.2431640625,402.30319795122335,-0.09489476680755615,0.20977678894996643,expert,True,0.0009930709010357005,unknown,True,[259],0.9505468010902405,0.18721292912960052,0.0,1.0,0.11146370321512222,0.4718696177005768,0.49325454235076904,0.014467878267168999,0.49915212392807007
33,2025-08-12T22:39:22.506463,3.4000000000000017,235.04498291015625,6.743591785430908,0.031793855254290994,0.01344350402466521,-0.03179093822836876,0.0004306721384637058,True,,2.006408214569092,8.493591785430908,False,False,False,0.445564468746166,,"('2S0_0_', '3S0_0_', 0)",0,11,38.583587646484375,0.2564082145690918,75.58282470703125,637.2861328125,-0.2431640625,402.3018237990456,-0.09948064386844635,-0.2309434413909912,expert,True,0.0015163633642693096,unknown,True,[259],0.9496981501579285,0.18930169939994812,0.0,1.0,0.11146712303161621,0.4718662202358246,0.493278443813324,0.013758739456534386,0.4991609752178192
34,2025-08-12T22:39:22.508202,3.5000000000000018,235.0442657470703,6.743581771850586,0.0023213796645257176,0.013454156669025608,0.0023184949532151222,0.00011569225898711011,True,,2.006418228149414,8.493581771850586,False,False,False,0.44556310925154746,,"('2S0_0_', '3S0_0_', 0)",0,11,38.58287048339844,0.25641822814941406,75.58282470703125,637.2861328125,-0.2431640625,402.30254068006656,-0.09709399193525314,-0.2865333557128906,expert,True,-0.0007067168774471343,unknown,True,[259],0.9498156905174255,0.18896986544132233,0.0,1.0,0.11146768182516098,0.4718656539916992,0.49327313899993896,0.012448851019144058,0.4991714358329773
35,2025-08-12T22:39:22.509905,3.600000000000002,235.0441131591797,6.743601322174072,0.004953993998815629,0.013457086146225095,-0.004949021153151989,0.00022191477182786912,True,,2.0063986778259277,8.493601322174072,False,False,False,0.4455628199973733,,"('2S0_0_', '3S0_0_', 0)",0,11,38.58271789550781,0.25639867782592773,75.58282470703125,637.2861328125,-0.2431640625,402.3026935844733,-0.09146036952733994,-0.10295309126377106,expert,True,-0.00013029491763032967,unknown,True,[259],0.9499999284744263,0.1884668618440628,0.0,1.0,0.11146659404039383,0.4718667268753052,0.4932716488838196,0.0125658567994833,0.4990469515323639
36,2025-08-12T22:39:22.511558,3.700000000000002,235.0440673828125,6.7436089515686035,0.0023143001830623487,0.013457086146225095,0.0023132108617573977,-7.099891809048131e-05,True,,2.0063910484313965,8.493608951568604,False,False,False,0.44556273322112105,,"('2S0_0_', '3S0_0_', 0)",0,11,38.582672119140625,0.2563910484313965,75.58282470703125,637.2861328125,-0.2431640625,402.30273948643594,-0.07188685238361359,-0.24158832430839539,expert,True,-3.536201636371943e-05,unknown,True,[259],0.9488863348960876,0.19210796058177948,0.0,1.0,0.1114661693572998,0.471867173910141,0.4932716488838196,0.012448537163436413,0.4989170730113983
37,2025-08-12T22:39:22.513359,3.800000000000002,235.04388427734375,6.743613243103027,0.004954237461012118,0.013459882465369333,-0.004953654482960701,7.600054959766567e-05,True,,2.0063867568969727,8.493613243103027,False,False,False,0.44556238611611204,,"('2S0_0_', '3S0_0_', 0)",0,11,38.582489013671875,0.25638675689697266,75.58282470703125,637.2861328125,-0.2431640625,402.3029226388202,-0.11162874102592468,-0.24719899892807007,expert,True,-0.00016081140017544548,unknown,True,[259],0.9500563740730286,0.18831853568553925,0.0,1.0,0.1114659309387207,0.4718674123287201,0.49327024817466736,0.01256586704403162,0.49920937418937683
38,2025-08-12T22:39:22.515121,3.900000000000002,235.04383850097656,6.743611812591553,0.002355148971596539,0.013461347203969076,0.002354088006541133,-7.068476406857371e-05,True,,2.0063881874084473,8.493611812591553,False,False,False,0.4455622993398598,,"('2S0_0_', '3S0_0_', 0)",0,11,38.58244323730469,0.25638818740844727,75.58282470703125,637.2861328125,-0.2431640625,402.3029683834398,-0.08934669941663742,-0.043547309935092926,expert,True,-3.517819681531557e-05,unknown,True,[259],0.9499406814575195,0.1886240392923355,0.0,1.0,0.11146601289510727,0.47186732292175293,0.49326953291893005,0.012450352311134338,0.4992052912712097
39,2025-08-12T22:39:22.517526,4.000000000000002,235.0436553955078,6.743612289428711,0.00491573710584965,0.013463477732841511,-0.004915507975965738,4.7461900976486504e-05,True,,2.006387710571289,8.493612289428711,False,False,False,0.4455619522348508,,"('2S0_0_', '3S0_0_', 0)",0,11,38.58226013183594,0.25638771057128906,75.58282470703125,637.2861328125,-0.2431640625,402.3031514695744,-0.09048435091972351,-0.10051769763231277,expert,True,-0.00016098465177367656,unknown,True,[259],0.9500542283058167,0.18832381069660187,0.0,1.0,0.11146598309278488,0.4718673527240753,0.4932684600353241,0.012564156204462051,0.4994446039199829
40,2025-08-12T22:39:22.520171,4.100000000000001,235.04360961914062,6.743610858917236,0.0023556794220933033,0.013463610890894984,0.0023545767180621624,-7.206953887362033e-05,True,,2.0063891410827637,8.493610858917236,False,False,False,0.44556186545859855,,"('2S0_0_', '3S0_0_', 0)",0,11,38.58221435546875,0.25638914108276367,75.58282470703125,637.2861328125,-0.2431640625,402.30319721419414,-0.08220057934522629,-0.297151654958725,expert,True,-3.517580978808013e-05,unknown,True,[259],0.949955403804779,0.1885838806629181,0.0,1.0,0.11146606504917145,0.47186726331710815,0.4932684004306793,0.012450375594198704,0.4990909695625305
41,2025-08-12T22:39:22.521870,4.200000000000001,235.04342651367188,6.7436137199401855,0.004913972567411953,0.01346654036809447,-0.004913300275802612,8.128218178171664e-05,True,,2.0063862800598145,8.493613719940186,False,False,False,0.44556151835358954,,"('2S0_0_', '3S0_0_', 0)",0,11,38.58203125,0.25638628005981445,75.58282470703125,637.2861328125,-0.2431640625,402.30338034173474,-0.1026778370141983,-0.2590278089046478,expert,True,-0.0001609925921966462,unknown,True,[259],0.9500557780265808,0.18831881880760193,0.0,1.0,0.11146590113639832,0.4718674421310425,0.4932669401168823,0.012564077973365784,0.4992952048778534
42,2025-08-12T22:39:22.523710,4.300000000000001,235.0433807373047,6.743613243103027,0.0023560613042348994,0.013467472474475883,0.0023551853373646736,-6.424092134693637e-05,True,,2.0063867568969727,8.493613243103027,False,False,False,0.4455614315773373,,"('2S0_0_', '3S0_0_', 0)",0,11,38.58198547363281,0.25638675689697266,75.58282470703125,637.2861328125,-0.2431640625,402.30342610291694,-0.10372450202703476,-0.1813223659992218,expert,True,-3.517409131844295e-05,unknown,True,[259],0.9500393271446228,0.1883653849363327,0.0,1.0,0.1114659309387207,0.4718674123287201,0.4932664632797241,0.012450393289327621,0.49912282824516296
43,2025-08-12T22:39:22.525487,4.4,235.0440216064453,6.7435994148254395,0.025347827861921725,0.013454289827080856,0.025340547785162926,-0.0006074662669561803,True,,2.0064005851745605,8.49359941482544,False,False,False,0.44556264644486876,,"('2S0_0_', '3S0_0_', 0)",0,11,38.58262634277344,0.25640058517456055,75.58282470703125,637.2861328125,-0.2431640625,402.30278509027517,-0.10715244710445404,0.09716720134019852,expert,True,0.0007549343660036478,unknown,True,[259],0.9503294229507446,0.18766534328460693,0.0,1.0,0.11146669834852219,0.471866637468338,0.4932730495929718,0.013472248800098896,0.49916306138038635
44,2025-08-12T22:39:22.527238,4.5,235.04559326171875,6.743554592132568,0.006180629203940375,0.013411279775475293,0.006174163892865181,-0.0002826262207236141,True,,2.0064454078674316,8.493554592132568,False,False,False,0.4455656257628627,,"('2S0_0_', '3S0_0_', 0)",0,11,38.584197998046875,0.25644540786743164,75.58282470703125,637.2861328125,-0.2431640625,402.30121289360113,-0.10844868421554565,-0.18740451335906982,expert,True,0.0015994681048552316,unknown,True,[259],0.9501358270645142,0.18811504542827606,0.0,1.0,0.11146918684244156,0.47186413407325745,0.4932945668697357,0.012620373629033566,0.49921494722366333
45,2025-08-12T22:39:22.528930,4.6,235.04580688476562,6.743539333343506,0.002399600260681472,0.013411412933530542,-0.0023978762328624725,9.09449445316568e-05,True,,2.006460666656494,8.493539333343506,False,False,False,0.44556603071870654,,"('2S0_0_', '3S0_0_', 0)",0,11,38.58441162109375,0.25646066665649414,75.58282470703125,637.2861328125,-0.2431640625,402.30099903777455,-0.12472610920667648,-0.029336974024772644,expert,True,0.00022442124804806664,unknown,True,[259],0.949480414390564,0.19001798331737518,0.0,1.0,0.11147003620862961,0.4718632996082306,0.49329450726509094,0.012452327646315098,0.4992572069168091
46,2025-08-12T22:39:22.530642,4.699999999999999,235.0459747314453,6.7435407638549805,0.0041800227635521835,0.013409681878821189,0.00417991541326046,-2.9957333026686683e-05,True,,2.0064592361450195,8.49354076385498,False,False,False,0.4455663488982981,,"('2S0_0_', '3S0_0_', 0)",0,11,38.58457946777344,0.25645923614501953,75.58282470703125,637.2861328125,-0.2431640625,402.3008312412522,-0.08186164498329163,-0.48178982734680176,expert,True,0.00018665678212348484,unknown,True,[259],0.949779748916626,0.18908224999904633,0.0,1.0,0.11146995425224304,0.47186338901519775,0.4932953715324402,0.012531457468867302,0.4992881417274475
47,2025-08-12T22:39:22.532336,4.799999999999999,235.0459442138672,6.743544578552246,0.0030910244197371035,0.013408616614385416,-0.003090448444709182,5.966886965325102e-05,True,,2.006455421447754,8.493544578552246,False,False,False,0.44556629104746326,,"('2S0_0_', '3S0_0_', 0)",0,11,38.58454895019531,0.2564554214477539,75.58282470703125,637.2861328125,-0.2431640625,402.30086182047717,-0.103254534304142,0.15198661386966705,expert,True,-1.6607968236183035e-05,unknown,True,[259],0.949777364730835,0.18909016251564026,0.0,1.0,0.11146974563598633,0.47186359763145447,0.4932958781719208,0.01248305756598711,0.49929627776145935
48,2025-08-12T22:39:22.535059,4.899999999999999,235.04605102539062,6.743541717529297,0.0041780578428717565,0.013404355556641434,0.004175847861915827,-0.00013587484136223793,True,,2.006458282470703,8.493541717529297,False,False,False,0.4455664935253852,,"('2S0_0_', '3S0_0_', 0)",0,11,38.58465576171875,0.2564582824707031,75.58282470703125,637.2861328125,-0.2431640625,402.3007549753755,-0.09124290198087692,-0.3137282133102417,expert,True,0.00012561278373042292,unknown,True,[259],0.94974684715271,0.18916372954845428,0.0,1.0,0.11146990209817886,0.47186341881752014,0.4932980239391327,0.012531370855867863,0.49908360838890076
49,2025-08-12T22:39:22.536791,4.999999999999998,235.0460205078125,6.743540287017822,0.003089032315997395,0.013403157134150412,-0.003087914315983653,8.310130215249956e-05,True,,2.0064597129821777,8.493540287017822,False,False,False,0.44556643567455034,,"('2S0_0_', '3S0_0_', 0)",0,11,38.584625244140625,0.25645971298217773,75.58282470703125,637.2861328125,-0.2431640625,402.3007854635076,-0.13424114882946014,-0.46422719955444336,expert,True,-1.661693270301172e-05,unknown,True,[259],0.9497785568237305,0.18906770646572113,0.0,1.0,0.11146998405456543,0.47186335921287537,0.49329861998558044,0.012482969090342522,0.49896860122680664
50,2025-08-12T22:39:22.539527,5.099999999999998,235.04612731933594,6.74353551864624,0.004179108535396349,0.013400627131115783,0.004177673254162073,-0.00010951863805530593,True,,2.0064644813537598,8.49353551864624,False,False,False,0.44556663815247227,,"('2S0_0_', '3S0_0_', 0)",0,11,38.58473205566406,0.25646448135375977,75.58282470703125,637.2861328125,-0.2431640625,402.30067858528133,-0.09355044364929199,0.007073551416397095,expert,True,0.00012561751184678356,unknown,True,[259],0.9493212699890137,0.1905272901058197,0.0,1.0,0.11147025227546692,0.4718630909919739,0.4932999014854431,0.012531417421996593,0.4990854859352112
51,2025-08-12T22:39:22.542704,5.1999999999999975,235.0460968017578,6.74353551864624,0.0030898452611057953,0.013399828182787843,-0.0030890770722180605,6.889542419230565e-05,True,,2.0064644813537598,8.49353551864624,False,False,False,0.4455665803016374,,"('2S0_0_', '3S0_0_', 0)",0,11,38.58470153808594,0.25646448135375977,75.58282470703125,637.2861328125,-0.2431640625,402.30070909825696,-0.09653432667255402,-0.011746704578399658,expert,True,-1.6613274450023924e-05,unknown,True,[259],0.9498692750930786,0.1888195127248764,0.0,1.0,0.11147025227546692,0.4718630909919739,0.49330028891563416,0.012483005411922932,0.4991850256919861
52,2025-08-12T22:39:22.544441,5.299999999999997,235.04620361328125,6.743533134460449,0.004179961559973013,0.013397431337807575,0.004179288167506456,-7.502703374484554e-05,True,,2.006466865539551,8.49353313446045,False,False,False,0.44556678277955936,,"('2S0_0_', '3S0_0_', 0)",0,11,38.584808349609375,0.2564668655395508,75.58282470703125,637.2861328125,-0.2431640625,402.3006022614365,-0.12095513194799423,0.3471934199333191,expert,True,0.00012562135045737855,unknown,True,[259],0.9499112963676453,0.18870557844638824,0.0,1.0,0.11147037893533707,0.47186294198036194,0.49330148100852966,0.012531454674899578,0.4992791712284088
53,2025-08-12T22:39:22.546174,5.399999999999997,235.0470428466797,6.743513584136963,0.0279640996695844,0.013378656052122295,0.027953969314694405,-0.0007526419358327985,True,,2.006486415863037,8.493513584136963,False,False,False,0.4455683736775173,,"('2S0_0_', '3S0_0_', 0)",0,11,38.58564758300781,0.2564864158630371,75.58282470703125,637.2861328125,-0.2431640625,402.2997628150796,-0.08145434409379959,0.09926155209541321,expert,True,0.0009650718469506298,unknown,True,[259],0.9503194689750671,0.18769319355487823,0.0,1.0,0.11147146672010422,0.471861869096756,0.4933108687400818,0.013588528148829937,0.49909448623657227
54,2025-08-12T22:39:22.548090,5.4999999999999964,235.049072265625,6.743454933166504,0.00024293748891570247,0.013322063878957735,6.849150668131188e-05,-0.00023308268282562494,True,,2.006545066833496,8.493454933166504,False,False,False,0.44557222075803365,,"('2S0_0_', '3S0_0_', 0)",0,11,38.587677001953125,0.2565450668334961,75.58282470703125,637.2861328125,-0.2431640625,402.29773268361953,-0.09100541472434998,0.12593385577201843,expert,True,0.0020305121640126207,unknown,True,[259],0.9501748085021973,0.18801555037498474,0.0,1.0,0.11147472262382507,0.4718586206436157,0.4933391511440277,0.012356475926935673,0.4993421733379364
55,2025-08-12T22:39:22.551055,5.599999999999996,235.0497283935547,6.743420600891113,0.022322676947489326,0.01329756279692873,0.022312460467219353,-0.0006752880872227252,True,,2.0065793991088867,8.493420600891113,False,False,False,0.44557346455098257,,"('2S0_0_', '3S0_0_', 0)",0,11,38.58833312988281,0.2565793991088867,75.58282470703125,637.2861328125,-0.2431640625,402.29707605840247,-0.09182039648294449,-0.04685237631201744,expert,True,0.000756579975951202,unknown,True,[259],0.9502734541893005,0.1878136247396469,0.0,1.0,0.11147662997245789,0.4718567132949829,0.49335139989852905,0.013337798416614532,0.49894848465919495
56,2025-08-12T22:39:22.552918,5.699999999999996,235.04937744140625,6.743404388427734,0.039293786274295035,0.013283181727042681,-0.039288125932216644,0.000666933658067137,True,,2.0065956115722656,8.493404388427734,False,False,False,0.445572799266382,,"('2S0_0_', '3S0_0_', 0)",0,11,38.587982177734375,0.2565956115722656,75.58282470703125,637.2861328125,-0.2431640625,402.29742667606587,-0.11218913644552231,-0.10845141112804413,expert,True,-0.0001741301102031723,unknown,True,[259],0.949831485748291,0.18891702592372894,0.0,1.0,0.11147753149271011,0.4718557894229889,0.4933586120605469,0.014092069119215012,0.4992770552635193
57,2025-08-12T22:39:22.554657,5.799999999999995,235.0475616455078,6.743434906005859,0.0029437969382807372,0.01331687071483234,-0.002933983225375414,0.00024017253599595279,True,,2.0065650939941406,8.49343490600586,False,False,False,0.4455693571417094,,"('2S0_0_', '3S0_0_', 0)",0,11,38.58616638183594,0.2565650939941406,75.58282470703125,637.2861328125,-0.2431640625,402.2992427281092,-0.10057182610034943,-0.59153813123703,expert,True,-0.0018025488122152366,unknown,True,[259],0.9500792622566223,0.1882568746805191,0.0,1.0,0.11147584021091461,0.471857488155365,0.4933417737483978,0.012476514093577862,0.49926477670669556
58,2025-08-12T22:39:22.556433,5.899999999999995,235.0470733642578,6.743458271026611,0.00367434276372236,0.013325525988374665,-0.0036732761655002832,8.852659084368497e-05,True,,2.0065417289733887,8.493458271026611,False,False,False,0.44556843152835207,,"('2S0_0_', '3S0_0_', 0)",0,11,38.58567810058594,0.25654172897338867,75.58282470703125,637.2861328125,-0.2431640625,402.2997313414935,-0.08752991259098053,-0.1629776954650879,expert,True,-0.00047174670756324936,unknown,True,[259],0.9497273564338684,0.18922097980976105,0.0,1.0,0.11147454380989075,0.47185879945755005,0.4933374226093292,0.012508982792496681,0.49908483028411865
59,2025-08-12T22:39:22.558207,5.999999999999995,235.0470733642578,6.74345588684082,0.0035956427907832427,0.013322063878957735,0.003591675078496337,-0.00016887039237190038,True,,2.0065441131591797,8.49345588684082,False,False,False,0.44556843152835207,,"('2S0_0_', '3S0_0_', 0)",0,11,38.58567810058594,0.2565441131591797,75.58282470703125,637.2861328125,-0.2431640625,402.299731300088,-0.1158488392829895,-0.18627895414829254,expert,True,1.6180392558524594e-05,unknown,True,[259],0.9498621225357056,0.1888340711593628,0.0,1.0,0.1114746704697609,0.4718586504459381,0.4933391511440277,0.012505485676229,0.4989442527294159
60,2025-08-12T22:39:22.560976,6.099999999999994,235.0484619140625,6.743414878845215,0.05254778616385449,0.013289040681440767,0.05252581834793091,-0.0015192885184660554,True,,2.006585121154785,8.493414878845215,False,False,False,0.445571063741337,,"('2S0_0_', '3S0_0_', 0)",0,11,38.587066650390625,0.25658512115478516,75.58282470703125,637.2861328125,-0.2431640625,402.2983422475208,-0.11142619699239731,-0.27570098638534546,expert,True,0.0016250148424248453,unknown,True,[259],0.9504914283752441,0.1873321384191513,0.0,1.0,0.11147695034742355,0.47185638546943665,0.4933556616306305,0.01468113623559475,0.4990570843219757
61,2025-08-12T22:39:22.562655,6.199999999999994,235.05087280273438,6.743325710296631,0.02461298203117512,0.013226190079715039,0.0245995931327343,-0.0008117278921417892,True,,2.006674289703369,8.49332571029663,False,False,False,0.44557563395728883,,"('2S0_0_', '3S0_0_', 0)",0,11,38.5894775390625,0.25667428970336914,75.58282470703125,637.2861328125,-0.2431640625,402.29593017388225,-0.09480883181095123,0.19501319527626038,expert,True,0.002521647091015288,unknown,True,[259],0.9499310255050659,0.18863451480865479,0.0,1.0,0.11148190498352051,0.4718514382839203,0.4933871030807495,0.01343958918005228,0.499108225107193
62,2025-08-12T22:39:22.564527,6.299999999999994,235.05072021484375,6.743316650390625,0.04242951769604957,0.01322232849613414,-0.04241901636123657,0.0009439400746487081,True,,2.006683349609375,8.493316650390625,False,False,False,0.44557534470311466,,"('2S0_0_', '3S0_0_', 0)",0,11,38.589324951171875,0.256683349609375,75.58282470703125,637.2861328125,-0.2431640625,402.29608258142207,-0.09266902506351471,-0.5135208368301392,expert,True,3.8344939007223076e-05,unknown,True,[259],0.9495317935943604,0.18982985615730286,0.0,1.0,0.1114824116230011,0.4718509316444397,0.4933890402317047,0.014231435023248196,0.49921339750289917
63,2025-08-12T22:39:22.566207,6.399999999999993,235.04933166503906,6.743349552154541,0.014617956507252882,0.013247362210380587,-0.014606448821723461,0.0005799183272756636,True,,2.006650447845459,8.493349552154541,False,False,False,0.44557271249012975,,"('2S0_0_', '3S0_0_', 0)",0,11,38.58793640136719,0.256650447845459,75.58282470703125,637.2861328125,-0.2431640625,402.29747149320957,-0.09191463142633438,-0.2335844337940216,expert,True,-0.001322769000404862,unknown,True,[259],0.9503433108329773,0.18764857947826385,0.0,1.0,0.11148057878017426,0.47185274958610535,0.4933765232563019,0.012995366007089615,0.4990866780281067
64,2025-08-12T22:39:22.568450,6.499999999999993,235.04833984375,6.7433953285217285,0.006087286598200932,0.01327958645957139,-0.006082951091229916,0.00022970448480919003,True,,2.0066046714782715,8.493395328521729,False,False,False,0.44557083233799766,,"('2S0_0_', '3S0_0_', 0)",0,11,38.586944580078125,0.2566046714782715,75.58282470703125,637.2861328125,-0.2431640625,402.2984639599004,-0.0925503745675087,-0.0843500941991806,expert,True,-0.0009644284993705958,unknown,True,[259],0.9497788548469543,0.18906855583190918,0.0,1.0,0.1114780381321907,0.4718552827835083,0.49336040019989014,0.012616225518286228,0.4990970194339752
65,2025-08-12T22:39:22.570157,6.5999999999999925,235.0481719970703,6.743403434753418,0.0027896729970301303,0.013280252249844082,0.002786282915621996,-0.0001374879793729633,True,,2.006596565246582,8.493403434753418,False,False,False,0.4455705141584061,,"('2S0_0_', '3S0_0_', 0)",0,11,38.58677673339844,0.25659656524658203,75.58282470703125,637.2861328125,-0.2431640625,402.29863192204476,-0.09486828744411469,-0.1617625504732132,expert,True,-0.00015529315120086442,unknown,True,[259],0.9500300884246826,0.18839207291603088,0.0,1.0,0.11147758364677429,0.4718557596206665,0.49336007237434387,0.012469664216041565,0.49901676177978516
66,2025-08-12T22:39:22.571988,6.699999999999992,235.0480194091797,6.743401050567627,0.004476902763474875,0.013281450672334216,-0.004476584494113922,5.3381838370114565e-05,True,,2.006598949432373,8.493401050567627,False,False,False,0.4455702249042319,,"('2S0_0_', '3S0_0_', 0)",0,11,38.58662414550781,0.25659894943237305,75.58282470703125,637.2861328125,-0.2431640625,402.2987844455182,-0.07295133918523788,0.13404631614685059,expert,True,-0.00013244182818936305,unknown,True,[259],0.9495571851730347,0.1897464394569397,0.0,1.0,0.11147771775722504,0.47185561060905457,0.4933594763278961,0.012544652447104454,0.4991195499897003
67,2025-08-12T22:39:22.573919,6.799999999999992,235.0480194091797,6.7433977127075195,0.00279329619788548,0.013283847517315372,0.002793046412989497,-3.735483915079385e-05,True,,2.0066022872924805,8.49339771270752,False,False,False,0.4455702249042319,,"('2S0_0_', '3S0_0_', 0)",0,11,38.58662414550781,0.25660228729248047,75.58282470703125,637.2861328125,-0.2431640625,402.2987843875509,-0.07123003900051117,0.07081994414329529,expert,True,1.256983289048466e-05,unknown,True,[259],0.9497823715209961,0.18908512592315674,0.0,1.0,0.11147790402173996,0.47185543179512024,0.4933582842350006,0.012469825334846973,0.49940648674964905
68,2025-08-12T22:39:22.575861,6.8999999999999915,235.04786682128906,6.743401527404785,0.004476776245208051,0.013288508049223324,-0.00447505246847868,0.00012422139116097242,True,,2.006598472595215,8.493401527404785,False,False,False,0.44556993565005776,,"('2S0_0_', '3S0_0_', 0)",0,11,38.58647155761719,0.25659847259521484,75.58282470703125,637.2861328125,-0.2431640625,402.298937018678,-0.10302791744470596,-0.5771437287330627,expert,True,-0.00013244239752156377,unknown,True,[259],0.9496464729309082,0.1894713193178177,0.0,1.0,0.11147769540548325,0.47185564041137695,0.493355929851532,0.012544646859169006,0.49915939569473267
69,2025-08-12T22:39:22.577554,6.999999999999991,235.04953002929688,6.743371963500977,0.07717517365646559,0.013258813803068037,0.07715893536806107,-0.0015830735210329294,True,,2.0066280364990234,8.493371963500977,False,False,False,0.44557308852055616,,"('2S0_0_', '3S0_0_', 0)",0,11,38.588134765625,0.25662803649902344,75.58282470703125,637.2861328125,-0.2431640625,402.29727354807534,-0.0765833854675293,-0.3680289685726166,expert,True,0.002010496289266595,unknown,True,[259],0.9507635831832886,0.1867997646331787,0.0,1.0,0.11147933453321457,0.47185400128364563,0.49337080121040344,0.015775686129927635,0.49922481179237366
70,2025-08-12T22:39:22.580157,7.099999999999991,235.0577392578125,6.743170738220215,0.11139298119950398,0.013063470937111354,0.11133977025747299,-0.0034426471684128046,True,,2.006829261779785,8.493170738220215,False,False,False,0.44558865039512624,,"('2S0_0_', '3S0_0_', 0)",0,11,38.596343994140625,0.25682926177978516,75.58282470703125,637.2861328125,-0.2431640625,402.2890620630051,-0.09076449275016785,-0.100836381316185,expert,True,0.008710496931022767,unknown,True,[259],0.9504113793373108,0.18743854761123657,0.0,1.0,0.11149051785469055,0.47184282541275024,0.4934684634208679,0.017296478152275085,0.4990854263305664
71,2025-08-12T22:39:22.581905,7.19999999999999,235.0679168701172,6.742860317230225,0.07671125840357439,0.012782773758217125,0.07667465507984161,-0.0023694797419011593,True,,2.0071396827697754,8.492860317230225,False,False,False,0.4456079436485431,,"('2S0_0_', '3S0_0_', 0)",0,11,38.60652160644531,0.2571396827697754,75.58282470703125,637.2861328125,-0.2431640625,402.27888059467836,-0.10241454094648361,-0.3972663879394531,expert,True,0.010522812967503585,unknown,True,[259],0.9501602649688721,0.18800023198127747,0.0,1.0,0.11150775849819183,0.47182556986808777,0.4936087727546692,0.015755068510770798,0.4992242753505707
72,2025-08-12T22:39:22.584641,7.29999999999999,235.07675170898438,6.742603778839111,0.11960564938529118,0.012547616633963088,0.11956746131181717,-0.003022178076207638,True,,2.0073962211608887,8.492603778839111,False,False,False,0.44562469146522726,,"('2S0_0_', '3S0_0_', 0)",0,11,38.6153564453125,0.25739622116088867,75.58282470703125,637.2861328125,-0.2431640625,402.2700426330628,-0.06214864179491997,-0.09531857073307037,expert,True,0.00937306428942131,unknown,True,[259],0.9504921436309814,0.1872541606426239,0.0,1.0,0.11152201145887375,0.47181132435798645,0.49372634291648865,0.017661485821008682,0.49916115403175354
73,2025-08-12T22:39:22.586308,7.39999999999999,235.0894012451172,6.742308139801025,0.15588793082907584,0.012234562047824582,0.15585218369960785,-0.0033382351975888014,True,,2.0076918601989746,8.492308139801025,False,False,False,0.4456486706362656,,"('2S0_0_', '3S0_0_', 0)",0,11,38.62800598144531,0.2576918601989746,75.58282470703125,637.2861328125,-0.2431640625,402.2573898704342,-0.08767228573560715,-0.14232449233531952,expert,True,0.013351031821543341,unknown,True,[259],0.9504895210266113,0.1872100532054901,0.0,1.0,0.11153843998908997,0.47179490327835083,0.4938828647136688,0.01927403174340725,0.4993095397949219
74,2025-08-12T22:39:22.588129,7.499999999999989,235.10498046875,6.741954326629639,0.16137804347743664,0.01186624686906601,0.1613275557756424,-0.004036417230963707,True,,2.0080456733703613,8.491954326629639,False,False,False,0.4456782034874479,,"('2S0_0_', '3S0_0_', 0)",0,11,38.643585205078125,0.25804567337036133,75.58282470703125,637.2861328125,-0.2431640625,402.2418068518696,-0.10124196857213974,0.08140894025564194,expert,True,0.016305424828460965,unknown,True,[259],0.9502601027488708,0.18771345913410187,0.0,1.0,0.11155809462070465,0.47177523374557495,0.4940670132637024,0.019518036395311356,0.49923786520957947
75,2025-08-12T22:39:22.589870,7.599999999999989,235.1144256591797,6.741691589355469,0.007618632510790555,0.011594338121769354,-0.0076178330928087234,0.00011036441719625145,True,,2.0083084106445312,8.491691589355469,False,False,False,0.44569610832082873,,"('2S0_0_', '3S0_0_', 0)",0,11,38.65303039550781,0.25830841064453125,75.58282470703125,637.2861328125,-0.2431640625,402.2323585231468,-0.09820500016212463,0.07068837434053421,expert,True,0.009479474275986057,unknown,True,[259],0.9498170614242554,0.188935324549675,0.0,1.0,0.11157269030809402,0.471760630607605,0.49420297145843506,0.012684284709393978,0.4990513026714325
76,2025-08-12T22:39:22.591592,7.699999999999989,235.11537170410156,6.741672992706299,0.0008030622503686927,0.011598998653676418,-0.0003497511497698724,0.0007228991016745567,True,,2.008327007293701,8.491672992706299,False,False,False,0.4456979016967086,,"('2S0_0_', '3S0_0_', 0)",0,11,38.65397644042969,0.25832700729370117,75.58282470703125,637.2861328125,-0.2431640625,402.2314122979411,-0.09512531012296677,-0.13450206816196442,expert,True,0.0009496587020016591,unknown,True,[259],0.9497994184494019,0.1890135109424591,0.0,1.0,0.111573725938797,0.4717596173286438,0.49420061707496643,0.012381371110677719,0.4991195499897003
77,2025-08-12T22:39:22.593580,7.799999999999988,235.11473083496094,6.7417497634887695,0.011111812336637258,0.011604591291965782,-0.011102162301540375,0.000462996365968138,True,,2.0082502365112305,8.49174976348877,False,False,False,0.44569668682917707,,"('2S0_0_', '3S0_0_', 0)",0,11,38.65333557128906,0.25825023651123047,75.58282470703125,637.2861328125,-0.2431640625,402.232054403594,-0.10024517774581909,-0.12907706201076508,expert,True,-0.0005908659851101323,unknown,True,[259],0.9500634074211121,0.18829794228076935,0.0,1.0,0.11156945675611496,0.47176387906074524,0.4941978454589844,0.012839537113904953,0.49916815757751465
78,2025-08-12T22:39:22.595242,7.899999999999988,235.11410522460938,6.741776466369629,0.0008645585566708391,0.011604324975857061,0.0008567040786147118,-0.00011627389903878793,True,,2.008223533630371,8.491776466369629,False,False,False,0.445695500887063,,"('2S0_0_', '3S0_0_', 0)",0,11,38.6527099609375,0.2582235336303711,75.58282470703125,637.2861328125,-0.2431640625,402.23268038331605,-0.07808834314346313,0.04003260284662247,expert,True,-0.0006217198380574812,unknown,True,[259],0.9501612782478333,0.18806177377700806,0.0,1.0,0.11156797409057617,0.4717653691768646,0.4941979646682739,0.012384103611111641,0.4991723597049713
79,2025-08-12T22:39:22.596940,7.999999999999988,235.1138458251953,6.741772651672363,0.0025373370692741916,0.011603925501693091,-0.0025372703094035387,-1.8405980881652795e-05,True,,2.0082273483276367,8.491772651672363,False,False,False,0.4456950091549669,,"('2S0_0_', '3S0_0_', 0)",0,11,38.65245056152344,0.2582273483276367,75.58282470703125,637.2861328125,-0.2431640625,402.23293967737146,-0.08444778621196747,-0.03352615237236023,expert,True,-0.0002479813972507661,unknown,True,[259],0.9501357078552246,0.18811842799186707,0.0,1.0,0.11156818270683289,0.4717651605606079,0.49419817328453064,0.012458449229598045,0.49927252531051636
80,2025-08-12T22:39:22.599554,8.099999999999987,235.11402893066406,6.741762161254883,0.004734473599779285,0.01159979760200347,0.004731893539428711,-0.00015628115215804428,True,,2.008237838745117,8.491762161254883,False,False,False,0.4456953562599759,,"('2S0_0_', '3S0_0_', 0)",0,11,38.65263366699219,0.2582378387451172,75.58282470703125,637.2861328125,-0.2431640625,402.23275641734296,-0.09829642623662949,-0.2244930863380432,expert,True,0.0002044105999490068,unknown,True,[259],0.9494491219520569,0.1901005208492279,0.0,1.0,0.11156877130270004,0.47176456451416016,0.4942002296447754,0.012556100264191628,0.4991475045681
81,2025-08-12T22:39:22.601771,8.199999999999987,235.11407470703125,6.741758346557617,0.0025346624379817685,0.01159979760200347,-0.002533444669097662,7.85606971476227e-05,True,,2.008241653442383,8.491758346557617,False,False,False,0.44569544303622816,,"('2S0_0_', '3S0_0_', 0)",0,11,38.652679443359375,0.2582416534423828,75.58282470703125,637.2861328125,-0.2431640625,402.23271058163465,-0.07177433371543884,0.05747269093990326,expert,True,5.718234815841796e-05,unknown,True,[259],0.9498379230499268,0.18890678882598877,0.0,1.0,0.11156897991895676,0.47176435589790344,0.4942002296447754,0.01245833095163107,0.49918439984321594
82,2025-08-12T22:39:22.603415,8.299999999999986,235.1142578125,6.741755485534668,0.004733672271861399,0.011597533915077562,0.004732571542263031,-0.00010207729792455211,True,,2.008244514465332,8.491755485534668,False,False,False,0.44569579014123717,,"('2S0_0_', '3S0_0_', 0)",0,11,38.652862548828125,0.25824451446533203,75.58282470703125,637.2861328125,-0.2431640625,402.2325274540936,-0.11207414418458939,-0.009245157241821289,expert,True,0.0002044069939733763,unknown,True,[259],0.9495238065719604,0.1898546814918518,0.0,1.0,0.11156913638114929,0.4717642068862915,0.4942013621330261,0.012556064873933792,0.4991414546966553
83,2025-08-12T22:39:22.605119,8.399999999999986,235.11473083496094,6.74174690246582,0.011017124064830885,0.011587413902934607,0.011014195159077644,-0.00025402294704690576,True,,2.0082530975341797,8.49174690246582,False,False,False,0.44569668682917707,,"('2S0_0_', '3S0_0_', 0)",0,11,38.65333557128906,0.2582530975341797,75.58282470703125,637.2861328125,-0.2431640625,402.2320543539112,-0.10189994424581528,-0.31095409393310547,expert,True,0.000522599519229239,unknown,True,[259],0.9502353668212891,0.18787406384944916,0.0,1.0,0.1115696132183075,0.4717637300491333,0.49420642852783203,0.01283532939851284,0.4992791414260864
84,2025-08-12T22:39:22.606820,8.499999999999986,235.11619567871094,6.741714000701904,0.02674867182093938,0.011556787550398795,0.02674180269241333,-0.0006061624735593796,True,,2.0082859992980957,8.491714000701904,False,False,False,0.44569946366924906,,"('2S0_0_', '3S0_0_', 0)",0,11,38.65480041503906,0.2582859992980957,75.58282470703125,637.2861328125,-0.2431640625,402.2305891596929,-0.10648857057094574,0.20046496391296387,expert,True,0.0015852127731942273,unknown,True,[259],0.9503056406974792,0.18770314753055573,0.0,1.0,0.11157144606113434,0.47176188230514526,0.4942217469215393,0.013534508645534515,0.49928250908851624
85,2025-08-12T22:39:22.608746,8.599999999999985,235.12010192871094,6.741615295410156,0.08087972004579906,0.011467971128044319,0.08084762096405029,-0.0022784422617405653,True,,2.0083847045898438,8.491615295410156,False,False,False,0.4457068685761077,,"('2S0_0_', '3S0_0_', 0)",0,11,38.65870666503906,0.25838470458984375,75.58282470703125,637.2861328125,-0.2431640625,402.22668178466165,-0.08767014741897583,-0.010082513093948364,expert,True,0.004270208740206095,unknown,True,[259],0.9505499005317688,0.18718597292900085,0.0,1.0,0.11157692968845367,0.4717563986778259,0.494266152381897,0.015940332785248756,0.4991297721862793
86,2025-08-12T22:39:22.610463,8.699999999999985,235.12400817871094,6.741480827331543,0.03476182000557363,0.011374494173782779,0.0347442552447319,-0.001104924245737493,True,,2.008519172668457,8.491480827331543,False,False,False,0.4457142734829663,,"('2S0_0_', '3S0_0_', 0)",0,11,38.66261291503906,0.25851917266845703,75.58282470703125,637.2861328125,-0.2431640625,402.2227737886063,-0.07032947242259979,0.11108960956335068,expert,True,0.004062678190025082,unknown,True,[259],0.9497814178466797,0.1890476495027542,0.0,1.0,0.11158439517021179,0.471748948097229,0.4943128824234009,0.013890649192035198,0.49914994835853577
87,2025-08-12T22:39:22.612145,8.799999999999985,235.12405395507812,6.7414679527282715,0.012628029866436784,0.011381418392616638,-0.012622558511793613,0.0003716919745784253,True,,2.0085320472717285,8.491467952728271,False,False,False,0.4457143602592186,,"('2S0_0_', '3S0_0_', 0)",0,11,38.66265869140625,0.2585320472717285,75.58282470703125,637.2861328125,-0.2431640625,402.2227277955727,-0.11024102568626404,-0.2862030863761902,expert,True,0.00010260250158646554,unknown,True,[259],0.9499958157539368,0.1884719729423523,0.0,1.0,0.1115851104259491,0.4717482328414917,0.4943094253540039,0.012906924821436405,0.49931800365448
88,2025-08-12T22:39:22.613854,8.899999999999984,235.1240692138672,6.741477012634277,0.005359925072428006,0.011384481027870486,-0.005357049871236086,0.000175537628820166,True,,2.0085229873657227,8.491477012634277,False,False,False,0.445714389184636,,"('2S0_0_', '3S0_0_', 0)",0,11,38.66267395019531,0.25852298736572266,75.58282470703125,637.2861328125,-0.2431640625,402.22271269641055,-0.10962601751089096,-0.32080331444740295,expert,True,3.9378451888426026e-05,unknown,True,[259],0.9499082565307617,0.18870747089385986,0.0,1.0,0.1115846112370491,0.4717487096786499,0.49430787563323975,0.012583897449076176,0.4990461468696594
89,2025-08-12T22:39:22.615691,8.999999999999984,235.12399291992188,6.741482257843018,0.001910235060914047,0.011384614185924846,0.001909792423248291,-4.1120409150607884e-05,True,,2.0085177421569824,8.491482257843018,False,False,False,0.44571424455754893,,"('2S0_0_', '3S0_0_', 0)",0,11,38.66259765625,0.2585177421569824,75.58282470703125,637.2861328125,-0.2431640625,402.2227890699355,-0.0900578424334526,0.20755696296691895,expert,True,-6.769788753838679e-05,unknown,True,[259],0.9491389989852905,0.19125384092330933,0.0,1.0,0.11158432066440582,0.4717490077018738,0.49430781602859497,0.012430578470230103,0.49935367703437805
90,2025-08-12T22:39:22.618344,9.099999999999984,235.12376403808594,6.7414870262146,0.00517868946204098,0.01138701103090689,-0.005177491810172796,0.00011136920511489734,True,,2.0085129737854004,8.4914870262146,False,False,False,0.4457138106762877,,"('2S0_0_', '3S0_0_', 0)",0,11,38.66236877441406,0.2585129737854004,75.58282470703125,637.2861328125,-0.2431640625,402.22301800006284,-0.08451288938522339,0.143172487616539,expert,True,-0.0002055777333583156,unknown,True,[259],0.9500584006309509,0.18831229209899902,0.0,1.0,0.11158405244350433,0.47174927592277527,0.49430662393569946,0.012575843371450901,0.4992266893386841
91,2025-08-12T22:39:22.620103,9.199999999999983,235.1237030029297,6.7414870262146,0.002396902711326993,0.011385679450361508,0.002395234303548932,-8.941609848989174e-05,True,,2.0085129737854004,8.4914870262146,False,False,False,0.445713694974618,,"('2S0_0_', '3S0_0_', 0)",0,11,38.66230773925781,0.2585129737854004,75.58282470703125,637.2861328125,-0.2431640625,402.2230790260159,-0.08560872077941895,-0.22867536544799805,expert,True,-5.024909404902853e-05,unknown,True,[259],0.9497737288475037,0.18908284604549408,0.0,1.0,0.11158405244350433,0.47174927592277527,0.494307279586792,0.012452208437025547,0.4990343451499939
92,2025-08-12T22:39:22.622007,9.299999999999983,235.12351989746094,6.741490364074707,0.004775485182825439,0.011388209453397025,-0.0047743129543960094,0.00010580427624518052,True,,2.008509635925293,8.491490364074707,False,False,False,0.44571334786960903,,"('2S0_0_', '3S0_0_', 0)",0,11,38.66212463378906,0.25850963592529297,75.58282470703125,637.2861328125,-0.2431640625,402.22326216183745,-0.1171698272228241,-0.40086621046066284,expert,True,-0.00016161578542728554,unknown,True,[259],0.9496545195579529,0.18944962322711945,0.0,1.0,0.11158386617898941,0.4717494547367096,0.4943060278892517,0.01255792286247015,0.4992055892944336
93,2025-08-12T22:39:22.623774,9.399999999999983,235.12347412109375,6.741490364074707,0.002494330760118768,0.011389274717832798,0.002493682550266385,-5.6861932534957305e-05,True,,2.008509635925293,8.491490364074707,False,False,False,0.4457132610933568,,"('2S0_0_', '3S0_0_', 0)",0,11,38.662078857421875,0.25850963592529297,75.58282470703125,637.2861328125,-0.2431640625,402.22330793130226,-0.08660367876291275,-0.15815964341163635,expert,True,-3.455187876696554e-05,unknown,True,[259],0.95010906457901,0.18818733096122742,0.0,1.0,0.11158386617898941,0.4717494547367096,0.49430549144744873,0.012456538155674934,0.4991878569126129
94,2025-08-12T22:39:22.625786,9.499999999999982,235.123291015625,6.7414937019348145,0.004776556648869223,0.011391937878922676,-0.004776150453835726,6.229175050975755e-05,True,,2.0085062980651855,8.491493701934814,False,False,False,0.4457129139883478,,"('2S0_0_', '3S0_0_', 0)",0,11,38.661895751953125,0.25850629806518555,75.58282470703125,637.2861328125,-0.2431640625,402.22349106712375,-0.08592851459980011,0.20920300483703613,expert,True,-0.0001616109638300885,unknown,True,[259],0.949894905090332,0.1887582391500473,0.0,1.0,0.11158367991447449,0.4717496633529663,0.4943041503429413,0.012557970359921455,0.49943673610687256
95,2025-08-12T22:39:22.627481,9.599999999999982,235.1232452392578,6.741494178771973,0.0024944900790806,0.011392603669195367,0.0024942082818597555,-3.749401730601676e-05,True,,2.0085058212280273,8.491494178771973,False,False,False,0.44571282721209554,,"('2S0_0_', '3S0_0_', 0)",0,11,38.66184997558594,0.25850582122802734,75.58282470703125,637.2861328125,-0.2431640625,402.22353684486893,-0.06748776137828827,0.1728225201368332,expert,True,-3.45511618316373e-05,unknown,True,[259],0.94987553358078,0.18881285190582275,0.0,1.0,0.1115836575627327,0.4717496633529663,0.494303822517395,0.012456545606255531,0.4994139075279236
96,2025-08-12T22:39:22.629362,9.699999999999982,235.1247100830078,6.7414727210998535,0.0589351201374048,0.011370499432147518,0.058927010744810104,-0.0009776452789083123,True,,2.0085272789001465,8.491472721099854,False,False,False,0.44571560405216754,,"('2S0_0_', '3S0_0_', 0)",0,11,38.66331481933594,0.2585272789001465,75.58282470703125,637.2861328125,-0.2431640625,402.2220718493804,-0.08568532019853592,-0.025802917778491974,expert,True,0.0017300517906183217,unknown,True,[259],0.950615644454956,0.18703939020633698,0.0,1.0,0.1115848496556282,0.4717484712600708,0.49431487917900085,0.014965017326176167,0.4993685185909271
97,2025-08-12T22:39:22.631085,9.799999999999981,235.1254425048828,6.741480350494385,0.06405985406976539,0.011365039951913403,-0.06403110921382904,0.001918842433951795,True,,2.0085196495056152,8.491480350494385,False,False,False,0.44571699247220353,,"('2S0_0_', '3S0_0_', 0)",0,11,38.66404724121094,0.25851964950561523,75.58282470703125,637.2861328125,-0.2431640625,402.22133967042964,-0.10802499949932098,0.029215142130851746,expert,True,0.0010206912183139442,unknown,True,[259],0.9494242668151855,0.19015713036060333,0.0,1.0,0.11158442497253418,0.4717489182949066,0.49431759119033813,0.015192783437669277,0.49908551573753357
98,2025-08-12T22:39:22.632726,9.89999999999998,235.12237548828125,6.741588592529297,0.02767913996047052,0.011458650064229303,-0.027634017169475555,0.0015798367094248533,True,,2.008411407470703,8.491588592529297,False,False,False,0.44571117846330277,,"('2S0_0_', '3S0_0_', 0)",0,11,38.660980224609375,0.2584114074707031,75.58282470703125,637.2861328125,-0.2431640625,402.2244081042137,-0.0961272269487381,-0.22776037454605103,expert,True,-0.0029424604717403825,unknown,True,[259],0.9496577978134155,0.18939828872680664,0.0,1.0,0.11157841235399246,0.47175490856170654,0.49427080154418945,0.013575863093137741,0.4988876283168793
99,2025-08-12T22:39:22.635017,9.99999999999998,235.1219024658203,6.741689682006836,0.07392852935226422,0.011518304872646823,0.07392089813947678,-0.0010622007539495826,True,,2.008310317993164,8.491689682006836,False,False,False,0.44571028177536287,,"('2S0_0_', '3S0_0_', 0)",0,11,38.66050720214844,0.25831031799316406,75.58282470703125,637.2861328125,-0.2431640625,402.22488281080945,-0.09527729451656342,-0.4685438871383667,expert,True,-0.0001403440788523109,unknown,True,[259],0.9509212970733643,0.1865365207195282,0.0,1.0,0.11157279461622238,0.4717605412006378,0.49424096941947937,0.01563139073550701,0.49930718541145325
100,2025-08-12T22:39:22.644801,10.09999999999998,235.12901306152344,6.741546154022217,0.0790878216711899,0.011377556809036626,0.07904748618602753,-0.00252556218765676,True,,2.008453845977783,8.491546154022217,False,False,False,0.445723761019879,,"('2S0_0_', '3S0_0_', 0)",0,11,38.66761779785156,0.2584538459777832,75.58282470703125,637.2861328125,-0.2431640625,402.2177707948893,-0.06126940995454788,0.002418776974081993,expert,True,0.007466490900645354,unknown,True,[259],0.9502140879631042,0.18788832426071167,0.0,1.0,0.11158076673746109,0.4717525541782379,0.4943113327026367,0.015860693529248238,0.49915117025375366
101,2025-08-12T22:39:22.648039,10.19999999999998,235.1326446533203,6.7413811683654785,0.027191135709715174,0.011291936179990358,-0.027190880849957466,0.00011772759899031371,True,,2.0086188316345215,8.491381168365479,False,False,False,0.4457306452692241,,"('2S0_0_', '3S0_0_', 0)",0,11,38.67124938964844,0.2586188316345215,75.58282470703125,637.2861328125,-0.2431640625,402.21413688566133,-0.11427953839302063,0.03080647438764572,expert,True,0.0037539519075687183,unknown,True,[259],0.9496455192565918,0.189483180642128,0.0,1.0,0.1115899384021759,0.4717434048652649,0.49435415863990784,0.013554173521697521,0.49935832619667053
